match_id,match_time,home_team,away_team,team_1_code,team_2_code,venue,actual_home_score,actual_away_score
1,2026-06-11 22:00:00,Mexico,South Africa,A1,A2,Mexico City,2,0
2,2026-06-12 05:00:00,Rep. of Korea,Czech Rep.,A3,A4,Guadalajara,2,1
3,2026-06-12 22:00:00,Canada,Bosnia/Herzeg.,B1,B2,Toronto,1,1
4,2026-06-13 04:00:00,USA,Paraguay,D1,D2,Los Angeles,4,1
8,2026-06-13 22:00:00,Qatar,Switzerland,B3,B4,San Francisco Bay Area,1,1
7,2026-06-14 01:00:00,Brazil,Morocco,C1,C2,New York/New Jersey,1,1
5,2026-06-14 04:00:00,Haiti,Scotland,C3,C4,Boston,0,1
6,2026-06-14 07:00:00,Australia,Turkey,D3,D4,Vancouver,2,0
10,2026-06-14 20:00:00,Germany,Curaçao,E1,E2,Houston,7,1
11,2026-06-14 23:00:00,Netherlands,Japan,F1,F2,Dallas,2,2
9,2026-06-15 02:00:00,Ivory Coast,Ecuador,E3,E4,Philadelphia,1,0
12,2026-06-15 05:00:00,Sweden,Tunisia,F3,F4,Monterrey,5,1
14,2026-06-15 19:00:00,Spain,Cape Verde,H1,H2,Atlanta,0,0
16,2026-06-15 22:00:00,Belgium,Egypt,G1,G2,Seattle,1,1
13,2026-06-16 01:00:00,Saudi Arabia,Uruguay,H3,H4,Miami,1,1
15,2026-06-16 04:00:00,IR Iran,New Zealand,G3,G4,Los Angeles,2,2
17,2026-06-16 22:00:00,France,Senegal,I1,I2,New York/New Jersey,3,1
18,2026-06-17 01:00:00,Iraq,Norway,I3,I4,Boston,1,4
19,2026-06-17 04:00:00,Argentina,Algeria,J1,J2,Kansas City,3,0
20,2026-06-17 07:00:00,Austria,Jordan,J3,J4,San Francisco Bay Area,3,1
23,2026-06-17 20:00:00,Portugal,DR Congo,K1,K2,Houston,1,1
22,2026-06-17 23:00:00,England,Croatia,L1,L2,Dallas,4,2
21,2026-06-18 02:00:00,Ghana,Panama,L3,L4,Toronto,1,0
24,2026-06-18 05:00:00,Uzbekistan,Colombia,K3,K4,Mexico City,1,3
25,2026-06-18 19:00:00,Czech Rep.,South Africa,A4,A2,Atlanta,1,1
26,2026-06-18 22:00:00,Switzerland,Bosnia/Herzeg.,B4,B2,Los Angeles,4,1
27,2026-06-19 01:00:00,Canada,Qatar,B1,B3,Vancouver,6,0
28,2026-06-19 04:00:00,Mexico,Rep. of Korea,A1,A3,Guadalajara,,
32,2026-06-19 22:00:00,USA,Australia,D1,D3,Seattle,,
30,2026-06-20 01:00:00,Scotland,Morocco,C4,C2,Boston,,
29,2026-06-20 03:30:00,Brazil,Haiti,C1,C3,Philadelphia,,
31,2026-06-20 06:00:00,Turkey,Paraguay,D4,D2,San Francisco Bay Area,,
35,2026-06-20 20:00:00,Netherlands,Sweden,F1,F3,Houston,,
33,2026-06-20 23:00:00,Germany,Ivory Coast,E1,E3,Toronto,,
34,2026-06-21 03:00:00,Ecuador,Curaçao,E4,E2,Kansas City,,
36,2026-06-21 07:00:00,Tunisia,Japan,F4,F2,Monterrey,,
38,2026-06-21 19:00:00,Spain,Saudi Arabia,H1,H3,Atlanta,,
39,2026-06-21 22:00:00,Belgium,IR Iran,G1,G3,Los Angeles,,
37,2026-06-22 01:00:00,Uruguay,Cape Verde,H4,H2,Miami,,
40,2026-06-22 04:00:00,New Zealand,Egypt,G4,G2,Vancouver,,
43,2026-06-22 20:00:00,Argentina,Austria,J1,J3,Dallas,,
42,2026-06-23 00:00:00,France,Iraq,I1,I3,Philadelphia,,
41,2026-06-23 03:00:00,Norway,Senegal,I4,I2,New York/New Jersey,,
44,2026-06-23 06:00:00,Jordan,Algeria,J4,J2,San Francisco Bay Area,,
47,2026-06-23 20:00:00,Portugal,Uzbekistan,K1,K3,Houston,,
45,2026-06-23 23:00:00,England,Ghana,L1,L3,Boston,,
46,2026-06-24 02:00:00,Panama,Croatia,L4,L2,Toronto,,
48,2026-06-24 05:00:00,Colombia,DR Congo,K4,K2,Guadalajara,,
51,2026-06-24 22:00:00,Switzerland,Canada,B4,B1,Vancouver,,
52,2026-06-24 22:00:00,Bosnia/Herzeg.,Qatar,B2,B3,Seattle,,
49,2026-06-25 01:00:00,Scotland,Brazil,C4,C1,Miami,,
50,2026-06-25 01:00:00,Morocco,Haiti,C2,C3,Atlanta,,
53,2026-06-25 04:00:00,Czech Rep.,Mexico,A4,A1,Mexico City,,
54,2026-06-25 04:00:00,South Africa,Rep. of Korea,A2,A3,Monterrey,,
55,2026-06-25 23:00:00,Curaçao,Ivory Coast,E2,E3,Philadelphia,,
56,2026-06-25 23:00:00,Ecuador,Germany,E4,E1,New York/New Jersey,,
57,2026-06-26 02:00:00,Japan,Sweden,F2,F3,Dallas,,
58,2026-06-26 02:00:00,Tunisia,Netherlands,F4,F1,Kansas City,,
59,2026-06-26 05:00:00,Turkey,USA,D4,D1,Los Angeles,,
60,2026-06-26 05:00:00,Paraguay,Australia,D2,D3,San Francisco Bay Area,,
61,2026-06-26 22:00:00,Norway,France,I4,I1,Boston,,
62,2026-06-26 22:00:00,Senegal,Iraq,I2,I3,Toronto,,
65,2026-06-27 03:00:00,Cape Verde,Saudi Arabia,H2,H3,Houston,,
66,2026-06-27 03:00:00,Uruguay,Spain,H4,H1,Guadalajara,,
63,2026-06-27 06:00:00,Egypt,IR Iran,G2,G3,Seattle,,
64,2026-06-27 06:00:00,New Zealand,Belgium,G4,G1,Vancouver,,
67,2026-06-28 00:00:00,Panama,England,L4,L1,New York/New Jersey,,
68,2026-06-28 00:00:00,Croatia,Ghana,L2,L3,Philadelphia,,
71,2026-06-28 02:30:00,Colombia,Portugal,K4,K1,Miami,,
72,2026-06-28 02:30:00,DR Congo,Uzbekistan,K2,K3,Atlanta,,
69,2026-06-28 05:00:00,Algeria,Austria,J2,J3,Kansas City,,
70,2026-06-28 05:00:00,Jordan,Argentina,J4,J1,Dallas,,
73,2026-06-28 22:00:00,,,2A,2B,Los Angeles,,
76,2026-06-29 20:00:00,,,1C,2F,Houston,,
74,2026-06-29 23:30:00,,,1E,3-ABCDF,Boston,,
75,2026-06-30 04:00:00,,,1F,2C,Monterrey,,
78,2026-06-30 20:00:00,,,2E,2I,Dallas,,
77,2026-07-01 00:00:00,,,1I,3-CDFGH,New York/New Jersey,,
79,2026-07-01 04:00:00,,,1A,3-CEFHI,Mexico City,,
80,2026-07-01 19:00:00,,,1L,3-EHIJK,Atlanta,,
82,2026-07-01 23:00:00,,,1G,3-AEHIJ,Seattle,,
81,2026-07-02 03:00:00,,,1D,3-BEFIJ,San Francisco Bay Area,,
84,2026-07-02 22:00:00,,,1H,2J,Los Angeles,,
83,2026-07-03 02:00:00,,,2K,2L,Toronto,,
85,2026-07-03 06:00:00,,,1B,3-EFGIJ,Vancouver,,
88,2026-07-03 21:00:00,,,2D,2G,Dallas,,
86,2026-07-04 01:00:00,,,1J,2H,Miami,,
87,2026-07-04 04:30:00,,,1K,3-DEIJL,Kansas City,,
90,2026-07-04 20:00:00,,,W73,W75,Houston,,
89,2026-07-05 00:00:00,,,W74,W77,Philadelphia,,
91,2026-07-05 23:00:00,,,W76,W78,New York/New Jersey,,
92,2026-07-06 03:00:00,,,W79,W80,Mexico City,,
93,2026-07-06 22:00:00,,,W83,W84,Dallas,,
94,2026-07-07 03:00:00,,,W81,W82,Seattle,,
95,2026-07-07 19:00:00,,,W86,W88,Atlanta,,
96,2026-07-07 23:00:00,,,W85,W87,Vancouver,,
97,2026-07-09 23:00:00,,,W89,W90,Boston,,
98,2026-07-10 22:00:00,,,W93,W94,Los Angeles,,
99,2026-07-12 00:00:00,,,W91,W92,Miami,,
100,2026-07-12 04:00:00,,,W95,W96,Kansas City,,
101,2026-07-14 22:00:00,,,W97,W98,Dallas,,
102,2026-07-15 22:00:00,,,W99,W100,Atlanta,,
103,2026-07-19 00:00:00,,,RU101,RU102,Miami,,
104,2026-07-19 22:00:00,,,W101,W102,New York/New Jersey,,
